"count","date","ProvinceState","CountryRegion","Lat","Long","oztime","statetime","int","slope","max","min","incr","double","state"
19,"22/03","Australian Capital Territory","Australia","-35.4735","149.0124",51,0,0,0,1,1,0,"Doubling every 0.0 days","ACT"
62,"27/03","Australian Capital Territory","Australia","-35.4735","149.0124",56,5,0,0,1,1,0,"Doubling every 0.0 days","ACT"
84,"01/04","Australian Capital Territory","Australia","-35.4735","149.0124",61,10,3.62037569012901,0.0889896442774037,169.558778555275,48.7811819621803,0.0930693367448892,"Doubling every 7.8 days","ACT"
96,"06/04","Australian Capital Territory","Australia","-35.4735","149.0124",66,15,4.10746504269873,0.0320518264008185,123.051777676774,78.5613347346666,0.0325710183578829,"Doubling every 21.6 days","ACT"
103,"11/04","Australian Capital Territory","Australia","-35.4735","149.0124",71,20,4.34699236444476,0.0145434986274415,114.396081688639,93.3221836620607,0.0146497698638106,"Doubling every 47.7 days","ACT"
103,"16/04","Australian Capital Territory","Australia","-35.4735","149.0124",76,25,4.57990641462454,0.00232289395000123,105.029264518436,101.668600159886,0.00232559395835907,"Doubling every 298.4 days","ACT"
104,"21/04","Australian Capital Territory","Australia","-35.4735","149.0124",81,30,4.60048261692471,0.00138360715862714,104.76042555216,102.750691324546,0.00138456478462023,"Doubling every 501.0 days","ACT"
106,"26/04","Australian Capital Territory","Australia","-35.4735","149.0124",86,35,4.52713613617689,0.00387338261679932,108.833392760059,103.088809970853,0.00388089385808676,"Doubling every 179.0 days","ACT"
106,"01/05","Australian Capital Territory","Australia","-35.4735","149.0124",91,40,4.63352866055633,0.000787092224431279,106.753452670643,105.583562811506,0.000787402062801368,"Doubling every 880.6 days","ACT"
107,"06/05","Australian Capital Territory","Australia","-35.4735","149.0124",96,45,4.59729703763218,0.00167870245572445,108.265827138839,105.751048307413,0.00168011226546527,"Doubling every 412.9 days","ACT"
107,"11/05","Australian Capital Territory","Australia","-35.4735","149.0124",101,50,4.67282883446202,-4.62587532177361e-16,107.00000000001,107.000000000011,-4.44089209850063e-16,"Doubling every 0.0 days","ACT"
107,"16/05","Australian Capital Territory","Australia","-35.4735","149.0124",106,55,4.67282883446199,1.85035012870946e-16,107.00000000001,107.00000000001,2.22044604925031e-16,"","ACT"
107,"21/05","Australian Capital Territory","Australia","-35.4735","149.0124",111,60,4.67282883446201,-9.13551967043688e-17,107.00000000001,107.00000000001,-1.11022302462516e-16,"Doubling every 0.0 days","ACT"
107,"26/05","Australian Capital Territory","Australia","-35.4735","149.0124",116,65,4.67282883446198,3.81294281407922e-16,107.000000000011,107.00000000001,4.44089209850063e-16,"","ACT"
107,"31/05","Australian Capital Territory","Australia","-35.4735","149.0124",121,70,4.67282883446201,-7.5000257659621e-17,107.00000000001,107.00000000001,-1.11022302462516e-16,"Doubling every 0.0 days","ACT"
107,"05/06","Australian Capital Territory","Australia","-35.4735","149.0124",126,75,4.67282883446201,-1.47194451402734e-16,107.00000000001,107.00000000001,-1.11022302462516e-16,"Doubling every 0.0 days","ACT"
108,"10/06","Australian Capital Territory","Australia","-35.4735","149.0124",131,80,4.55171653737602,0.00165920521382426,109.515642285737,107.001036142008,0.00166058245639911,"Doubling every 417.8 days","ACT"
108,"15/06","Australian Capital Territory","Australia","-35.4735","149.0124",136,85,4.68213122712429,2.62778563708604e-16,108.00000000001,108.00000000001,2.22044604925031e-16,"","ACT"
108,"20/06","Australian Capital Territory","Australia","-35.4735","149.0124",141,90,4.6821312271243,1.30232365696289e-16,108.00000000001,108.00000000001,2.22044604925031e-16,"","ACT"
108,"25/06","Australian Capital Territory","Australia","-35.4735","149.0124",146,95,4.68213122712433,-1.88126336664836e-16,108.00000000001,108.00000000001,-2.22044604925031e-16,"Doubling every 0.0 days","ACT"
108,"30/06","Australian Capital Territory","Australia","-35.4735","149.0124",151,100,4.68213122712431,0,108.00000000001,108.00000000001,0,"Doubling every 0.0 days","ACT"
108,"05/07","Australian Capital Territory","Australia","-35.4735","149.0124",156,105,4.68213122712434,-2.53242519512984e-16,108.00000000001,108.00000000001,-2.22044604925031e-16,"Doubling every 0.0 days","ACT"
113,"10/07","Australian Capital Territory","Australia","-35.4735","149.0124",161,110,3.83791517730322,0.00810824728595311,119.890653886659,107.025234997767,0.00814120814769126,"Doubling every 85.5 days","ACT"
113,"15/07","Australian Capital Territory","Australia","-35.4735","149.0124",166,115,4.64396133375664,0.000738280243985818,113.753238018534,112.583548585545,0.000738552839925077,"Doubling every 938.9 days","ACT"
13,"03/03","New South Wales","Australia","-33.8688","151.2093",32,0,0,0,1,1,0,"Doubling every 0.0 days","NSW"
38,"08/03","New South Wales","Australia","-33.8688","151.2093",37,5,0,0,1,1,0,"Doubling every 0.0 days","NSW"
92,"13/03","New South Wales","Australia","-33.8688","151.2093",42,10,2.74994510778745,0.173253660737652,297.453330475164,26.3036073138464,0.189167711988515,"Doubling every 4.0 days","NSW"
267,"18/03","New South Wales","Australia","-33.8688","151.2093",47,15,2.35144509497239,0.214656611750923,1180.73281397404,58.4807703935913,0.23943621605126,"Doubling every 3.2 days","NSW"
669,"23/03","New South Wales","Australia","-33.8688","151.2093",52,20,2.68418684167458,0.189805301806495,2462.49413286363,172.717232866837,0.20901418186335,"Doubling every 3.7 days","NSW"
1617,"28/03","New South Wales","Australia","-33.8688","151.2093",57,25,2.80434946226926,0.185125896770951,6175.70397433852,462.485684548728,0.20336993097996,"Doubling every 3.7 days","NSW"
2298,"02/04","New South Wales","Australia","-33.8688","151.2093",62,30,5.11074238400749,0.0903286106727343,4688.65471385839,1323.85131385947,0.0945339001363299,"Doubling every 7.7 days","NSW"
2686,"07/04","New South Wales","Australia","-33.8688","151.2093",67,35,6.85201804194275,0.0300813193798594,3345.70748656214,2195.7852020666,0.0305383332843998,"Doubling every 23.0 days","NSW"
2857,"12/04","New South Wales","Australia","-33.8688","151.2093",72,40,7.36398718225047,0.0151317937204994,3213.71056281763,2600.18109895198,0.0152468589596657,"Doubling every 45.8 days","NSW"
2926,"17/04","New South Wales","Australia","-33.8688","151.2093",77,45,7.78700911773369,0.00423601816509927,3002.74473883905,2829.84666731163,0.00424500277188633,"Doubling every 163.6 days","NSW"
2971,"22/04","New South Wales","Australia","-33.8688","151.2093",82,50,7.78067026606106,0.00440442395715317,3077.03709744871,2893.03237644574,0.0044141376882445,"Doubling every 157.4 days","NSW"
3004,"27/04","New South Wales","Australia","-33.8688","151.2093",87,55,7.89221913526579,0.00210346241843879,3049.19775912813,2960.7128065497,0.00210567624747493,"Doubling every 329.5 days","NSW"
3035,"02/05","New South Wales","Australia","-33.8688","151.2093",92,60,7.90212228163235,0.00193461802018366,3077.09635364844,2994.87279352833,0.00193649060100709,"Doubling every 358.3 days","NSW"
3047,"07/05","New South Wales","Australia","-33.8688","151.2093",97,65,7.95885950066196,0.000968417661832231,3067.39998802855,3026.09329513614,0.00096888672962181,"Doubling every 715.8 days","NSW"
3059,"12/05","New South Wales","Australia","-33.8688","151.2093",102,70,7.97522180458876,0.000718130453004211,3073.33278501247,3042.58883702229,0.000718388370413825,"Doubling every 965.2 days","NSW"
3076,"17/05","New South Wales","Australia","-33.8688","151.2093",107,75,7.9379973072685,0.00125824481245146,3106.25587716905,3052.01697560954,0.00125903673456462,"Doubling every 550.9 days","NSW"
3086,"22/05","New South Wales","Australia","-33.8688","151.2093",112,80,7.98816145652231,0.000579871711706471,3098.30446924987,3073.25362314701,0.000580039869809257,"","NSW"
3090,"27/05","New South Wales","Australia","-33.8688","151.2093",117,85,8.00306335958779,0.00039329098551245,3100.27510552949,3083.25167115792,0.000393368334552058,"","NSW"
3104,"01/06","New South Wales","Australia","-33.8688","151.2093",122,90,7.9892923462888,0.000554067965227255,3112.04995925886,3088.00332348647,0.00055422148923534,"","NSW"
3109,"06/06","New South Wales","Australia","-33.8688","151.2093",127,95,7.97815127442485,0.000682573260945359,3126.82611106245,3097.08839402318,0.000682806267085168,"","NSW"
3115,"11/06","New South Wales","Australia","-33.8688","151.2093",132,100,8.00791434141449,0.000367124095641292,3125.02205469535,3109.00146822678,0.0003671914939396,"","NSW"
3135,"16/06","New South Wales","Australia","-33.8688","151.2093",137,105,7.9433834456775,0.00102111691289501,3158.17162650871,3113.34472997994,0.00102163843026482,"Doubling every 678.8 days","NSW"
3151,"21/06","New South Wales","Australia","-33.8688","151.2093",142,110,7.95201434113922,0.00094009991373919,3171.64617771724,3130.17637646335,0.000940541946170548,"Doubling every 737.3 days","NSW"
3174,"26/06","New South Wales","Australia","-33.8688","151.2093",147,115,7.91151971261392,0.00130845628308823,3200.78502543684,3142.68557237622,0.0013093126854915,"Doubling every 529.7 days","NSW"
3211,"01/07","New South Wales","Australia","-33.8688","151.2093",152,120,7.81740052538946,0.00213153688877269,3255.51483725723,3159.80056997117,0.00213381022847559,"Doubling every 325.2 days","NSW"
3433,"06/07","New South Wales","Australia","-33.8688","151.2093",157,125,6.50828601471139,0.013141721380894,3800.90029347632,3162.15532089881,0.0132284533205342,"Doubling every 52.7 days","NSW"
3478,"11/07","New South Wales","Australia","-33.8688","151.2093",162,130,7.81708185631546,0.00259902187168028,3544.48393437957,3417.83143816038,0.00260240225695574,"Doubling every 266.7 days","NSW"
3535,"16/07","New South Wales","Australia","-33.8688","151.2093",167,135,7.77066339362032,0.00296314234626977,3609.87926724288,3463.19071106962,0.00296753679193595,"Doubling every 233.9 days","NSW"
12,"17/03","New Zealand","Australia","-40.9006","174.886",46,0,0,0,1,1,0,"Doubling every 0.0 days","NZ"
102,"22/03","New Zealand","Australia","-40.9006","174.886",51,5,0,0,1,1,0,"Doubling every 0.0 days","NZ"
368,"27/03","New Zealand","Australia","-40.9006","174.886",56,10,2.87447398443239,0.30567521194437,3200.14879929582,44.322817858845,0.357541321732146,"Doubling every 2.3 days","NZ"
708,"01/04","New Zealand","Australia","-40.9006","174.886",61,15,4.27791879467664,0.157551190614574,2307.78850588465,254.252614889411,0.170640682263871,"Doubling every 4.4 days","NZ"
1106,"06/04","New Zealand","Australia","-40.9006","174.886",66,20,5.20116996869276,0.0913951332088622,2140.5938410355,595.443615734821,0.0957018679286565,"Doubling every 7.6 days","NZ"
1312,"11/04","New Zealand","Australia","-40.9006","174.886",71,25,6.12598687222854,0.0431327905104882,1819.35290212238,994.636258939856,0.0440765291010405,"Doubling every 16.1 days","NZ"
1401,"16/04","New Zealand","Australia","-40.9006","174.886",76,30,6.76153020948857,0.0163450356960964,1581.76490366219,1258.23601443058,0.0164793465662174,"Doubling every 42.4 days","NZ"
1445,"21/04","New Zealand","Australia","-40.9006","174.886",81,35,7.00709962762539,0.00780498195540272,1532.8880811054,1374.21662761785,0.00783552022557821,"Doubling every 88.8 days","NZ"
1469,"26/04","New Zealand","Australia","-40.9006","174.886",86,40,7.14099075933104,0.00384301654535672,1512.64119401486,1433.40828761021,0.00385041040197764,"Doubling every 180.4 days","NZ"
1485,"01/05","New Zealand","Australia","-40.9006","174.886",91,45,7.21607474964768,0.00190703198952408,1503.03310145949,1463.43540124442,0.00190885153148646,"Doubling every 363.5 days","NZ"
1489,"06/05","New Zealand","Australia","-40.9006","174.886",96,50,7.25108529830022,0.00111460074553708,1502.09719526921,1478.83978512905,0.00111522214379689,"Doubling every 621.9 days","NZ"
1497,"11/05","New Zealand","Australia","-40.9006","174.886",101,55,7.25048562017364,0.00110937005681152,1509.09673743715,1485.83975486837,0.00110998563538667,"Doubling every 624.8 days","NZ"
1499,"16/05","New Zealand","Australia","-40.9006","174.886",106,60,7.29198279824355,0.00034192524120109,1502.50919982765,1495.33394584467,0.000341983704299498,"","NZ"
1504,"21/05","New Zealand","Australia","-40.9006","174.886",111,65,7.27491942170225,0.000626827686943106,1510.28101502889,1497.08539599422,0.000627024184472136,"","NZ"
1504,"26/05","New Zealand","Australia","-40.9006","174.886",116,70,7.30939970405159,9.50005946824585e-05,1505.2507127324,1503.25004749804,9.5005107381807e-05,"","NZ"
1504,"31/05","New Zealand","Australia","-40.9006","174.886",121,75,7.31588350450976,3.45477699986668e-16,1504,1503.99999999999,4.44089209850063e-16,"","NZ"
1504,"05/06","New Zealand","Australia","-40.9006","174.886",126,80,7.31588350450974,5.22450450145919e-16,1504,1503.99999999999,4.44089209850063e-16,"","NZ"
1504,"10/06","New Zealand","Australia","-40.9006","174.886",131,85,7.3158835045098,-1.54049510459225e-16,1504,1504,-1.11022302462516e-16,"Doubling every 0.0 days","NZ"
1506,"15/06","New Zealand","Australia","-40.9006","174.886",136,90,7.30646572518071,0.000110797187227826,1506.00096983716,1503.66673129477,0.000110803325462872,"","NZ"
1511,"20/06","New Zealand","Australia","-40.9006","174.886",141,95,7.26132016603677,0.000616274637882163,1516.53010581454,1503.50200227515,0.000616464574112463,"","NZ"
1520,"25/06","New Zealand","Australia","-40.9006","174.886",146,100,7.20243226853157,0.00124258003446247,1533.62321962759,1507.17484189867,0.0012433523568911,"Doubling every 557.8 days","NZ"
1528,"30/06","New Zealand","Australia","-40.9006","174.886",151,105,7.20414778788819,0.00122691436252915,1543.12088972539,1516.84135447045,0.00122766732986634,"Doubling every 565.0 days","NZ"
1534,"05/07","New Zealand","Australia","-40.9006","174.886",156,110,7.27261625394357,0.000567958776405482,1539.27596273592,1527.08506038384,0.000568120095530755,"","NZ"
1543,"10/07","New Zealand","Australia","-40.9006","174.886",161,115,7.2036307337172,0.00120064479993613,1556.36678397539,1530.42441617228,0.00120136586245501,"Doubling every 577.3 days","NZ"
1548,"15/07","New Zealand","Australia","-40.9006","174.886",166,120,7.26406966201882,0.000670745432209714,1555.03655427511,1540.50243063639,0.0006709704322303,"","NZ"
12,"26/03","Northern Territory","Australia","-12.4634","130.8456",55,0,0,0,1,1,0,"Doubling every 0.0 days","NT"
17,"31/03","Northern Territory","Australia","-12.4634","130.8456",60,5,0,0,1,1,0,"Doubling every 0.0 days","NT"
27,"05/04","Northern Territory","Australia","-12.4634","130.8456",65,10,2.38413778958891,0.0925587347163072,52.3334779350305,14.3222460132994,0.0969775703345714,"Doubling every 7.5 days","NT"
28,"10/04","Northern Territory","Australia","-12.4634","130.8456",70,15,3.00927933353052,0.0243789160480289,34.6610121664862,24.6385098979247,0.024678511471655,"Doubling every 28.4 days","NT"
28,"15/04","Northern Territory","Australia","-12.4634","130.8456",75,20,3.3322045101752,0,28,28,0,"Doubling every 0.0 days","NT"
28,"20/04","Northern Territory","Australia","-12.4634","130.8456",80,25,3.33220451017521,-1.91357932285321e-16,28,28,-2.22044604925031e-16,"Doubling every 0.0 days","NT"
28,"25/04","Northern Territory","Australia","-12.4634","130.8456",85,30,3.33220451017521,-2.45936556649438e-16,27.9999999999999,28,-2.22044604925031e-16,"Doubling every 0.0 days","NT"
28,"30/04","Northern Territory","Australia","-12.4634","130.8456",90,35,3.33220451017522,-3.41850810459938e-16,27.9999999999999,28,-3.33066907387547e-16,"Doubling every 0.0 days","NT"
29,"05/05","Northern Territory","Australia","-12.4634","130.8456",95,40,3.0850291357772,0.00713276146447986,30.57763699449,27.6717009356506,0.00715826019694044,"Doubling every 97.2 days","NT"
29,"10/05","Northern Territory","Australia","-12.4634","130.8456",100,45,3.36729582998649,-3.109961067541e-16,28.9999999999999,29.0000000000001,-3.33066907387547e-16,"Doubling every 0.0 days","NT"
29,"15/05","Northern Territory","Australia","-12.4634","130.8456",105,50,3.36729582998649,-3.10996106754101e-16,28.9999999999999,29.0000000000001,-3.33066907387547e-16,"Doubling every 0.0 days","NT"
29,"20/05","Northern Territory","Australia","-12.4634","130.8456",110,55,3.36729582998649,-3.109961067541e-16,28.9999999999999,29.0000000000001,-3.33066907387547e-16,"Doubling every 0.0 days","NT"
29,"25/05","Northern Territory","Australia","-12.4634","130.8456",115,60,3.36729582998649,-3.109961067541e-16,28.9999999999999,29.0000000000001,-3.33066907387547e-16,"Doubling every 0.0 days","NT"
29,"30/05","Northern Territory","Australia","-12.4634","130.8456",120,65,3.36729582998649,-3.109961067541e-16,28.9999999999999,29.0000000000001,-3.33066907387547e-16,"Doubling every 0.0 days","NT"
29,"04/06","Northern Territory","Australia","-12.4634","130.8456",125,70,3.3672958299865,-3.109961067541e-16,28.9999999999999,29.0000000000001,-3.33066907387547e-16,"Doubling every 0.0 days","NT"
29,"09/06","Northern Territory","Australia","-12.4634","130.8456",130,75,3.3672958299865,-3.10996106754101e-16,28.9999999999999,29.0000000000001,-3.33066907387547e-16,"Doubling every 0.0 days","NT"
29,"14/06","Northern Territory","Australia","-12.4634","130.8456",135,80,3.3672958299865,-3.109961067541e-16,28.9999999999999,29.0000000000001,-3.33066907387547e-16,"Doubling every 0.0 days","NT"
29,"19/06","Northern Territory","Australia","-12.4634","130.8456",140,85,3.3672958299865,-3.109961067541e-16,28.9999999999999,29.0000000000001,-3.33066907387547e-16,"Doubling every 0.0 days","NT"
29,"24/06","Northern Territory","Australia","-12.4634","130.8456",145,90,3.3672958299865,-3.10996106754099e-16,28.9999999999999,29.0000000000001,-3.33066907387547e-16,"Doubling every 0.0 days","NT"
29,"29/06","Northern Territory","Australia","-12.4634","130.8456",150,95,3.3672958299865,-3.10996106754101e-16,28.9999999999999,29.0000000000001,-3.33066907387547e-16,"Doubling every 0.0 days","NT"
30,"04/07","Northern Territory","Australia","-12.4634","130.8456",155,100,2.76116954333644,0.00645711165769185,31.565996803398,28.8376241169222,0.00647800374648133,"Doubling every 107.3 days","NT"
31,"09/07","Northern Territory","Australia","-12.4634","130.8456",160,105,3.12455842658343,0.00276627466096021,31.0122159141808,29.8341390454339,0.00277010432920077,"Doubling every 250.6 days","NT"
31,"14/07","Northern Territory","Australia","-12.4634","130.8456",165,110,2.9310482484138,0.00464586937307763,32.2853951380634,30.2523175220302,0.00465667815644277,"Doubling every 149.2 days","NT"
11,"03/03","Queensland","Australia","-27.4698","153.0251",32,0,0,0,1,1,0,"Doubling every 0.0 days","QLD"
15,"08/03","Queensland","Australia","-27.4698","153.0251",37,5,0,0,1,1,0,"Doubling every 0.0 days","QLD"
35,"13/03","Queensland","Australia","-27.4698","153.0251",42,10,2.00035916326567,0.134898357421233,73.2319088639568,11.0790311430112,0.144420456593086,"Doubling every 5.1 days","QLD"
94,"18/03","Queensland","Australia","-27.4698","153.0251",47,15,1.32888165318996,0.218635075623112,463.521753442639,21.7141095336221,0.24437709028644,"Doubling every 3.2 days","QLD"
319,"23/03","Queensland","Australia","-27.4698","153.0251",52,20,1.27320498313405,0.226464110641454,1616.04319847497,67.8458636638693,0.254157598114476,"Doubling every 3.1 days","QLD"
625,"28/03","Queensland","Australia","-27.4698","153.0251",57,25,2.89153023315136,0.143303104082711,1767.33769090627,237.694469325876,0.154079554882377,"Doubling every 4.8 days","QLD"
835,"02/04","Queensland","Australia","-27.4698","153.0251",62,30,4.65241488485265,0.0696352422232343,1378.73107891571,520.102265148621,0.0721170468934458,"Doubling every 10.0 days","QLD"
934,"07/04","Queensland","Australia","-27.4698","153.0251",67,35,5.76312150749695,0.0315312784280497,1196.83422209345,769.697286767696,0.032033655481249,"Doubling every 22.0 days","QLD"
983,"12/04","Queensland","Australia","-27.4698","153.0251",72,40,6.44069372721617,0.0113095200475119,1066.61052876213,910.421690913479,0.0113737144437185,"Doubling every 61.3 days","QLD"
1007,"17/04","Queensland","Australia","-27.4698","153.0251",77,45,6.65313226150671,0.00587287427681977,1052.07714662365,969.035729757622,0.00589015341245802,"Doubling every 118.0 days","QLD"
1024,"22/04","Queensland","Australia","-27.4698","153.0251",82,50,6.74087732923349,0.00387630525603604,1055.56001906097,999.803195629427,0.0038838278440636,"Doubling every 178.8 days","QLD"
1033,"27/04","Queensland","Australia","-27.4698","153.0251",87,55,6.85334360285999,0.00155481703023383,1042.88090009477,1020.4253409727,0.00155602638492636,"Doubling every 445.8 days","QLD"
1035,"02/05","Queensland","Australia","-27.4698","153.0251",92,60,6.88606217234077,0.000945692828272391,1042.54862141775,1028.83656292172,0.000946140136729445,"Doubling every 733.0 days","QLD"
1045,"07/05","Queensland","Australia","-27.4698","153.0251",97,65,6.82815879720989,0.00192400963980963,1060.70333565722,1032.51345509455,0.0019258617339819,"Doubling every 360.3 days","QLD"
1052,"12/05","Queensland","Australia","-27.4698","153.0251",102,70,6.88272210097041,0.0010580759287117,1058.06172029683,1042.50409787361,0.00105863588852317,"Doubling every 655.1 days","QLD"
1057,"17/05","Queensland","Australia","-27.4698","153.0251",107,75,6.86510595449121,0.00131207121749632,1067.09554668448,1047.67300418022,0.00131293235952157,"Doubling every 528.3 days","QLD"
1060,"22/05","Queensland","Australia","-27.4698","153.0251",112,80,6.91690993134879,0.000608046725318368,1064.02056364781,1055.00136768903,0.000608231623202116,"","QLD"
1058,"27/05","Queensland","Australia","-27.4698","153.0251",117,85,6.97720747098646,-0.000157492720194004,1056.50137733089,1058.83342521132,-0.000157480318866643,"Doubling every 0.0 days","QLD"
1059,"01/06","Queensland","Australia","-27.4698","153.0251",122,90,6.95050920790633,0.00015752993492201,1059.75137911824,1057.41675855189,0.000157542343413697,"","QLD"
1061,"06/06","Queensland","Australia","-27.4698","153.0251",127,95,6.92442731879658,0.000449448400564916,1064.51125323033,1057.83408224562,0.000449549417630646,"","QLD"
1064,"11/06","Queensland","Australia","-27.4698","153.0251",132,100,6.92343430331332,0.000459654243498724,1067.01179688756,1060.16745172881,0.000459759900698575,"","QLD"
1066,"16/06","Queensland","Australia","-27.4698","153.0251",137,105,6.92359717660624,0.000458574608845005,1069.51176913625,1062.66744988529,0.000458679770255044,"","QLD"
1066,"21/06","Queensland","Australia","-27.4698","153.0251",142,110,6.95715834719886,0.000134043767898296,1067.25100578209,1065.25006701739,0.000134052752165603,"","QLD"
1067,"26/06","Queensland","Australia","-27.4698","153.0251",147,115,6.95696418018345,0.000133980910326189,1067.75100531023,1065.75006698597,0.000133989886169195,"","QLD"
1067,"01/07","Queensland","Australia","-27.4698","153.0251",152,120,6.96338929227501,7.81097447057841e-05,1067.75034182001,1066.58335611446,7.81127953513039e-05,"","QLD"
1068,"06/07","Queensland","Australia","-27.4698","153.0251",157,125,6.96323526868228,7.80914455985301e-05,1068.00034173992,1066.83335610912,7.80944948148843e-05,"","QLD"
1070,"11/07","Queensland","Australia","-27.4698","153.0251",162,130,6.92302608317678,0.00040119026754242,1072.75903898502,1066.75060166465,0.000401270755121086,"","QLD"
1071,"16/07","Queensland","Australia","-27.4698","153.0251",167,135,6.93335012623138,0.00032253942229542,1074.00585237998,1069.16705633898,0.000322591443727704,"","QLD"
16,"13/03","South Australia","Australia","-34.9285","138.6007",42,0,0,0,1,1,0,"Doubling every 0.0 days","SA"
37,"18/03","South Australia","Australia","-34.9285","138.6007",47,5,0,0,1,1,0,"Doubling every 0.0 days","SA"
134,"23/03","South Australia","Australia","-34.9285","138.6007",52,10,2.35214887547011,0.246749008129634,697.067335482972,22.0297959821009,0.279857838548647,"Doubling every 2.8 days","SA"
287,"28/03","South Australia","Australia","-34.9285","138.6007",57,15,3.03364641964389,0.180850160648878,1110.26050273377,88.2741846093973,0.198235622992995,"Doubling every 3.8 days","SA"
367,"02/04","South Australia","Australia","-34.9285","138.6007",62,20,4.66712630865213,0.0635353577748466,591.452259095639,243.005957554483,0.0655971622799258,"Doubling every 10.9 days","SA"
411,"07/04","South Australia","Australia","-34.9285","138.6007",67,25,5.3849322258746,0.0266921572596297,512.387542764701,352.620023518104,0.0270515837190843,"Doubling every 26.0 days","SA"
429,"12/04","South Australia","Australia","-34.9285","138.6007",72,30,5.81105251198732,0.00852945681656387,457.896151154727,406.356160950297,0.00856593627625291,"Doubling every 81.3 days","SA"
435,"17/04","South Australia","Australia","-34.9285","138.6007",77,35,5.99244869498758,0.00234714015910796,441.875682705919,427.59163635053,0.00234989684892839,"Doubling every 295.3 days","SA"
438,"22/04","South Australia","Australia","-34.9285","138.6007",82,40,6.02070325827936,0.00150477106788009,442.051989502623,432.83677916988,0.00150590380396176,"Doubling every 460.6 days","SA"
438,"27/04","South Australia","Australia","-34.9285","138.6007",87,45,6.05171483176137,0.000707483376825255,440.761524034664,436.417432835743,0.000707733702219659,"Doubling every 979.7 days","SA"
438,"02/05","South Australia","Australia","-34.9285","138.6007",92,50,6.08221891037645,-1.60046759749441e-16,437.999999999999,438,-1.11022302462516e-16,"Doubling every 0.0 days","SA"
439,"07/05","South Australia","Australia","-34.9285","138.6007",97,55,6.07270863224245,0.000190204477279137,439.000832677808,437.833388804352,0.000190222567297615,"","SA"
439,"12/05","South Australia","Australia","-34.9285","138.6007",102,60,6.06553307598055,0.000325600362984752,440.252444681671,438.250162773704,0.000325653376536561,"","SA"
439,"17/05","South Australia","Australia","-34.9285","138.6007",107,65,6.08449941307522,-8.04863222669113e-16,438.999999999998,439.000000000002,-7.7715611723761e-16,"Doubling every 0.0 days","SA"
439,"22/05","South Australia","Australia","-34.9285","138.6007",112,70,6.08449941307519,-2.86283604766725e-16,438.999999999999,439.000000000001,-3.33066907387547e-16,"Doubling every 0.0 days","SA"
440,"27/05","South Australia","Australia","-34.9285","138.6007",117,75,6.06181452366091,0.000325229730749699,440.75244189593,438.750162588412,0.000325282623672596,"","SA"
440,"01/06","South Australia","Australia","-34.9285","138.6007",122,80,6.07199774724419,0.000189447767126256,440.750829362787,439.58338858375,0.000189465713487769,"","SA"
440,"06/06","South Australia","Australia","-34.9285","138.6007",127,85,6.08677472691231,0,439.999999999999,439.999999999999,0,"Doubling every 0.0 days","SA"
440,"11/06","South Australia","Australia","-34.9285","138.6007",132,90,6.08677472691231,0,439.999999999999,439.999999999999,0,"Doubling every 0.0 days","SA"
440,"16/06","South Australia","Australia","-34.9285","138.6007",137,95,6.08677472691231,0,439.999999999999,439.999999999999,0,"Doubling every 0.0 days","SA"
440,"21/06","South Australia","Australia","-34.9285","138.6007",142,100,6.08677472691231,0,439.999999999999,439.999999999999,0,"Doubling every 0.0 days","SA"
440,"26/06","South Australia","Australia","-34.9285","138.6007",147,105,6.08677472691231,0,439.999999999999,439.999999999999,0,"Doubling every 0.0 days","SA"
443,"01/07","South Australia","Australia","-34.9285","138.6007",152,110,5.95998768606914,0.00121442933782181,446.784295881173,439.252275671231,0.00121516705573521,"Doubling every 570.8 days","SA"
443,"06/07","South Australia","Australia","-34.9285","138.6007",157,115,6.0935697700451,3.18281996729545e-16,443.000000000001,442.999999999999,2.22044604925031e-16,"","SA"
443,"11/07","South Australia","Australia","-34.9285","138.6007",162,120,6.0935697700451,3.18281996729546e-16,443.000000000001,442.999999999998,2.22044604925031e-16,"","SA"
444,"16/07","South Australia","Australia","-34.9285","138.6007",167,125,6.0549748571451,0.000322294774816597,444.752419835716,442.75016112141,0.000322346717357647,"","SA"
16,"21/03","Tasmania","Australia","-42.8821","147.3272",50,0,0,0,1,1,0,"Doubling every 0.0 days","TAS"
47,"26/03","Tasmania","Australia","-42.8821","147.3272",55,5,0,0,1,1,0,"Doubling every 0.0 days","TAS"
69,"31/03","Tasmania","Australia","-42.8821","147.3272",60,10,3.42358453287719,0.0887254975058983,138.645177617198,40.0352783991648,0.092780644138845,"Doubling every 7.8 days","TAS"
82,"05/04","Tasmania","Australia","-42.8821","147.3272",65,15,3.90648646214871,0.0325496144232223,101.756019213211,64.5140724506863,0.0330851477962244,"Doubling every 21.3 days","TAS"
122,"10/04","Tasmania","Australia","-42.8821","147.3272",70,20,3.36317100279774,0.0699352620565769,190.837652239198,71.6884329933377,0.0724387515276508,"Doubling every 9.9 days","TAS"
165,"15/04","Tasmania","Australia","-42.8821","147.3272",75,25,3.33566193684123,0.0719851252972965,281.23368595832,102.6570880966,0.0746393590039487,"Doubling every 9.6 days","TAS"
200,"20/04","Tasmania","Australia","-42.8821","147.3272",80,30,4.0457281123188,0.0422136301927295,272.498314687132,150.903658007884,0.0431172962986857,"Doubling every 16.4 days","TAS"
207,"25/04","Tasmania","Australia","-42.8821","147.3272",85,35,4.89782688861607,0.0128979168839093,230.336065711114,192.283060802732,0.012981453778165,"Doubling every 53.7 days","TAS"
221,"30/04","Tasmania","Australia","-42.8821","147.3272",90,40,4.96803162610294,0.010781974858106,238.599030038119,205.169567633881,0.0108403098158656,"Doubling every 64.3 days","TAS"
225,"05/05","Tasmania","Australia","-42.8821","147.3272",95,45,5.26559923029114,0.00318002783083105,228.36852858277,218.424471778779,0.00318508948330987,"Doubling every 218.0 days","TAS"
227,"10/05","Tasmania","Australia","-42.8821","147.3272",100,50,5.22234915883767,0.00417765229134511,235.209202008358,221.847055968114,0.00418639084532124,"Doubling every 165.9 days","TAS"
228,"15/05","Tasmania","Australia","-42.8821","147.3272",105,55,5.40660455510128,0.000366905208525738,228.001607194863,226.833440327716,0.000366972526474552,"","TAS"
228,"20/05","Tasmania","Australia","-42.8821","147.3272",110,60,5.39280762622904,0.000627254462120721,229.254714357981,227.250313528827,0.000627451227339426,"","TAS"
228,"25/05","Tasmania","Australia","-42.8821","147.3272",115,65,5.42934562895442,4.43656141899851e-16,228.000000000002,228,4.44089209850063e-16,"","TAS"
228,"30/05","Tasmania","Australia","-42.8821","147.3272",120,70,5.42934562895442,4.43656141899852e-16,228.000000000002,228,4.44089209850063e-16,"","TAS"
228,"04/06","Tasmania","Australia","-42.8821","147.3272",125,75,5.42934562895441,4.43656141899852e-16,228.000000000002,228,4.44089209850063e-16,"","TAS"
228,"09/06","Tasmania","Australia","-42.8821","147.3272",130,80,5.42934562895441,4.43656141899851e-16,228.000000000002,228,4.44089209850063e-16,"","TAS"
228,"14/06","Tasmania","Australia","-42.8821","147.3272",135,85,5.42934562895441,4.43656141899851e-16,228.000000000002,228,4.44089209850063e-16,"","TAS"
228,"19/06","Tasmania","Australia","-42.8821","147.3272",140,90,5.42934562895441,4.43656141899852e-16,228.000000000002,228,4.44089209850063e-16,"","TAS"
228,"24/06","Tasmania","Australia","-42.8821","147.3272",145,95,5.4293456289544,4.43656141899852e-16,228.000000000002,228,4.44089209850063e-16,"","TAS"
228,"29/06","Tasmania","Australia","-42.8821","147.3272",150,100,5.4293456289544,4.43656141899852e-16,228.000000000002,228,4.44089209850063e-16,"","TAS"
228,"04/07","Tasmania","Australia","-42.8821","147.3272",155,105,5.4293456289544,4.43656141899853e-16,228.000000000002,228,4.44089209850063e-16,"","TAS"
228,"09/07","Tasmania","Australia","-42.8821","147.3272",160,110,5.4293456289544,4.43656141899852e-16,228.000000000002,228,4.44089209850063e-16,"","TAS"
228,"14/07","Tasmania","Australia","-42.8821","147.3272",165,115,5.42934562895439,4.43656141899852e-16,228.000000000002,228,4.44089209850063e-16,"","TAS"
11,"07/03","Victoria","Australia","-37.8136","144.9631",36,0,0,0,1,1,0,"Doubling every 0.0 days","VIC"
21,"12/03","Victoria","Australia","-37.8136","144.9631",41,5,0,0,1,1,0,"Doubling every 0.0 days","VIC"
94,"17/03","Victoria","Australia","-37.8136","144.9631",46,10,2.04401835181129,0.249749754425145,539.026199340659,16.3343069212041,0.283704135210525,"Doubling every 2.8 days","VIC"
296,"22/03","Victoria","Australia","-37.8136","144.9631",51,15,2.21666956143831,0.230833681202708,1472.93243715363,58.1682114824923,0.259649718599879,"Doubling every 3.0 days","VIC"
574,"27/03","Victoria","Australia","-37.8136","144.9631",56,20,3.32436055187519,0.154561729975536,1803.57712087982,207.195551706552,0.167146323747794,"Doubling every 4.5 days","VIC"
968,"01/04","Victoria","Australia","-37.8136","144.9631",61,25,4.25108505320357,0.106584113624509,2125.5304828409,477.994438958012,0.112471496520105,"Doubling every 6.5 days","VIC"
1158,"06/04","Victoria","Australia","-37.8136","144.9631",66,30,5.72131820029515,0.0456574709147496,1653.49188417734,872.567514269438,0.0467158189343677,"Doubling every 15.2 days","VIC"
1265,"11/04","Victoria","Australia","-37.8136","144.9631",71,35,6.5140736431978,0.0180761900900447,1441.26088925621,1119.01819218645,0.0182405532739025,"Doubling every 38.3 days","VIC"
1299,"16/04","Victoria","Australia","-37.8136","144.9631",76,40,6.84770452124075,0.00822111383548554,1385.88869724692,1235.21617942413,0.00825499998882195,"Doubling every 84.3 days","VIC"
1336,"21/04","Victoria","Australia","-37.8136","144.9631",81,45,6.96577838162513,0.00515967238554988,1385.86718033491,1289.28867723563,0.0051730064183293,"Doubling every 134.3 days","VIC"
1349,"26/04","Victoria","Australia","-37.8136","144.9631",86,50,7.09382970158452,0.00225995983155567,1370.11151316874,1327.4405575075,0.00226251546562328,"Doubling every 306.7 days","VIC"
1371,"01/05","Victoria","Australia","-37.8136","144.9631",91,55,7.06325867947176,0.00287377833084272,1396.09305021671,1341.03909886057,0.0028779115901989,"Doubling every 241.2 days","VIC"
1454,"06/05","Victoria","Australia","-37.8136","144.9631",96,60,6.66345248582283,0.0102790356313685,1559.54263275378,1350.51512710638,0.0103320463956111,"Doubling every 67.4 days","VIC"
1511,"11/05","Victoria","Australia","-37.8136","144.9631",101,65,6.79496479209134,0.00807626812731142,1597.91685971149,1427.08380446069,0.00810896915555337,"Doubling every 85.8 days","VIC"
1558,"16/05","Victoria","Australia","-37.8136","144.9631",106,70,6.87742699729985,0.00677289284176504,1634.25079036095,1486.41022389788,0.00679588074939486,"Doubling every 102.3 days","VIC"
1593,"21/05","Victoria","Australia","-37.8136","144.9631",111,75,7.04420899953155,0.00436950749446998,1640.09363561911,1542.77112340716,0.00437906771175078,"Doubling every 158.6 days","VIC"
1618,"26/05","Victoria","Australia","-37.8136","144.9631",116,80,7.087285919723,0.00377201150449699,1661.45818525593,1575.9960428793,0.00377913449307443,"Doubling every 183.8 days","VIC"
1653,"31/05","Victoria","Australia","-37.8136","144.9631",121,85,7.02862634631941,0.0045129919866865,1709.26991681094,1604.6159465321,0.00452319087174624,"Doubling every 153.6 days","VIC"
1681,"05/06","Victoria","Australia","-37.8136","144.9631",126,90,7.11201656795736,0.00353215127092969,1727.85363055691,1644.48924141264,0.00353839666829447,"Doubling every 196.2 days","VIC"
1699,"10/06","Victoria","Australia","-37.8136","144.9631",131,95,7.28999345584578,0.00153211648171586,1713.45886906758,1677.09717559691,0.00153329077181241,"Doubling every 452.4 days","VIC"
1741,"15/06","Victoria","Australia","-37.8136","144.9631",136,100,7.00977191910593,0.00449876853259345,1792.09418741208,1682.70415199118,0.00450890318386588,"Doubling every 154.1 days","VIC"
1836,"20/06","Victoria","Australia","-37.8136","144.9631",141,105,6.60193490115609,0.00863301600072461,1936.87803062145,1716.37616985617,0.00867038795015773,"Doubling every 80.3 days","VIC"
1947,"25/06","Victoria","Australia","-37.8136","144.9631",146,110,6.25224882500123,0.0119778324851889,2108.33797344429,1782.84480215452,0.0120498539872882,"Doubling every 57.9 days","VIC"
2231,"30/06","Victoria","Australia","-37.8136","144.9631",151,115,4.87537056265307,0.0245481035855469,2618.19178500143,1856.71810751553,0.0248518889720013,"Doubling every 28.2 days","VIC"
2660,"05/07","Victoria","Australia","-37.8136","144.9631",156,120,4.02522785269895,0.0320189040698255,3267.0041097766,2086.75188195384,0.0325370242726282,"Doubling every 21.6 days","VIC"
3560,"10/07","Victoria","Australia","-37.8136","144.9631",161,125,0.979166154830675,0.0575519614924237,5302.9845931819,2369.17627621481,0.0592403089320719,"Doubling every 12.0 days","VIC"
4750,"15/07","Victoria","Australia","-37.8136","144.9631",166,130,0.916088299851912,0.0580647168277039,7122.07578852263,3159.11899816182,0.0597835793223132,"Doubling every 11.9 days","VIC"
14,"13/03","Western Australia","Australia","-31.9505","115.8605",42,0,0,0,1,1,0,"Doubling every 0.0 days","WA"
35,"18/03","Western Australia","Australia","-31.9505","115.8605",47,5,0,0,1,1,0,"Doubling every 0.0 days","WA"
140,"23/03","Western Australia","Australia","-31.9505","115.8605",52,10,2.42153379456984,0.255569274753009,868.017143786135,24.2457566563507,0.291196457235429,"Doubling every 2.7 days","WA"
278,"28/03","Western Australia","Australia","-31.9505","115.8605",57,15,3.44943051396963,0.149753969054459,848.964891906992,104.319913229473,0.161548430711725,"Doubling every 4.6 days","WA"
400,"02/04","Western Australia","Australia","-31.9505","115.8605",62,20,4.43362013252417,0.0804766276435197,739.880790201771,239.802649635941,0.0838035153041112,"Doubling every 8.6 days","WA"
460,"07/04","Western Australia","Australia","-31.9505","115.8605",67,25,5.30327669190708,0.0342044579961686,600.534053077296,372.02346708233,0.0347961574495579,"Doubling every 20.3 days","WA"
514,"12/04","Western Australia","Australia","-31.9505","115.8605",72,30,5.63170405682221,0.0208331583087583,603.370185246974,450.729191985277,0.0210516834359549,"Doubling every 33.3 days","WA"
541,"17/04","Western Australia","Australia","-31.9505","115.8605",77,35,5.98219234104061,0.00875406046388338,572.414214494918,506.389448354096,0.00879248930546872,"Doubling every 79.2 days","WA"
546,"22/04","Western Australia","Australia","-31.9505","115.8605",82,40,6.11932499521149,0.00475541667482045,568.402377454557,531.792696666133,0.00476674161318003,"Doubling every 145.8 days","WA"
549,"27/04","Western Australia","Australia","-31.9505","115.8605",87,45,6.2561517964667,0.00117470644841183,554.039803580231,545.002641535893,0.00117539668628086,"Doubling every 590.1 days","WA"
551,"02/05","Western Australia","Australia","-31.9505","115.8605",92,50,6.27895011948338,0.000670843533692446,554.013026995896,548.834199548801,0.000671068599541025,"","WA"
552,"07/05","Western Australia","Australia","-31.9505","115.8605",97,55,6.30417448132935,0.000151205870540396,552.000661862616,550.833377431707,0.000151217302724271,"","WA"
553,"12/05","Western Australia","Australia","-31.9505","115.8605",102,60,6.28430302811227,0.000517598493909859,555.007777523574,551.000517464499,0.000517732471124743,"","WA"
554,"17/05","Western Australia","Australia","-31.9505","115.8605",107,65,6.30010620111729,0.000236964286665427,554.001630429896,552.166775262427,0.000236992364919919,"","WA"
557,"22/05","Western Australia","Australia","-31.9505","115.8605",112,70,6.22865436414104,0.00137156852320465,563.555116910546,552.836988338837,0.00137250955349155,"Doubling every 505.4 days","WA"
570,"27/05","Western Australia","Australia","-31.9505","115.8605",117,75,6.0630991986556,0.00375025577277403,584.420157558065,554.52760614463,0.00375729678106373,"Doubling every 184.8 days","WA"
591,"01/06","Western Australia","Australia","-31.9505","115.8605",122,80,5.82635682309936,0.00699107660909288,623.021163235211,564.932025784698,0.0070155712331641,"Doubling every 99.1 days","WA"
599,"06/06","Western Australia","Australia","-31.9505","115.8605",127,85,6.17232306961886,0.0025935832413505,608.460944921556,586.763922400813,0.00259694948794986,"Doubling every 267.3 days","WA"
602,"11/06","Western Australia","Australia","-31.9505","115.8605",132,90,6.23071922176271,0.00189004680625628,610.362938857535,594.424141022918,0.00189183407054827,"Doubling every 366.7 days","WA"
602,"16/06","Western Australia","Australia","-31.9505","115.8605",137,95,6.35234115753001,0.000514586697117103,604.758376538446,600.417223992104,0.00051471911956491,"","WA"
605,"21/06","Western Australia","Australia","-31.9505","115.8605",142,100,6.32234641852485,0.000828844379798859,608.521817997839,601.501449876241,0.000829187966221889,"Doubling every 836.3 days","WA"
608,"26/06","Western Australia","Australia","-31.9505","115.8605",147,105,6.30410198663503,0.00102068972419657,613.03328668654,604.335543698361,0.00102121080522544,"Doubling every 679.1 days","WA"
611,"01/07","Western Australia","Australia","-31.9505","115.8605",152,110,6.31880536099291,0.000879121615175693,615.024798629564,607.501647628078,0.000879508155846587,"Doubling every 788.5 days","WA"
621,"06/07","Western Australia","Australia","-31.9505","115.8605",157,115,6.18499379778655,0.0020965681339456,626.8925222861,608.759424652717,0.0020987674696662,"Doubling every 330.6 days","WA"
635,"11/07","Western Australia","Australia","-31.9505","115.8605",162,120,5.86136329069123,0.0049384020733285,657.562853397489,613.636494898808,0.00495061607845981,"Doubling every 140.4 days","WA"
646,"16/07","Western Australia","Australia","-31.9505","115.8605",167,125,6.00911780443938,0.00368246916278888,661.959075094753,628.696837810067,0.00368925778275986,"Doubling every 188.2 days","WA"
113,"18/07","Australian Capital Territory","Australia","-35.4735","149.0124",169,118,4.72738781871244,-1.57548634915826e-16,113.000000000009,113.000000000009,-1.11022302462516e-16,"Doubling every 0.0 days","ACT"
3568,"18/07","New South Wales","Australia","-33.8688","151.2093",169,137,7.70626968216607,0.00344825033588525,3651.22399162397,3479.14629738889,0.00345420239049976,"Doubling every 201.0 days","NSW"
1553,"18/07","New Zealand","Australia","-40.9006","174.886",169,123,7.24694823147326,0.000815447929526315,1560.80417202831,1543.08693342578,0.000815780497580354,"Doubling every 850.0 days","NZ"
31,"18/07","Northern Territory","Australia","-12.4634","130.8456",169,114,3.43398720448511,3.33788409239418e-16,31.0000000000001,30.9999999999999,4.44089209850063e-16,"","NT"
1071,"18/07","Queensland","Australia","-27.4698","153.0251",169,137,6.96584263349128,7.78179842462679e-05,1071.75034054289,1070.58335602936,7.78210121441525e-05,"","QLD"
444,"18/07","South Australia","Australia","-34.9285","138.6007",169,127,6.04165602279447,0.000429484168069003,445.504301058124,442.833619594617,0.000429576409599175,"","SA"
228,"18/07","Tasmania","Australia","-42.8821","147.3272",169,119,5.42934562895439,4.43656141899851e-16,228.000000000002,228,4.44089209850063e-16,"","TAS"
5696,"18/07","Victoria","Australia","-37.8136","144.9631",169,133,0.716708430185655,0.059644856798156,8664.49033776387,3759.19601135822,0.0614595094694246,"Doubling every 11.6 days","VIC"
651,"18/07","Western Australia","Australia","-31.9505","115.8605",169,127,5.93322807336587,0.00430211859693968,671.632936173941,632.374830767953,0.00431138599419878,"Doubling every 161.1 days","WA"
